{"cameraMode":{"drawMode":0,"name":"Shaded","section":"Shading Mode"},"sceneLighting":true,"audioPlay":false,"sceneViewState":{"m_AlwaysRefresh":false,"showFog":true,"showSkybox":true,"showFlares":true,"showImageEffects":true,"showParticleSystems":true,"showVisualEffectGraphs":true,"m_FxEnabled":true},"in2DMode":false,"pivot":{"x":-0.1881827861070633,"y":-0.13907340168952943,"z":-1.714681625366211},"rotation":{"x":-0.0374770425260067,"y":0.027578672394156457,"z":0.001034497283399105,"w":0.9989181160926819},"size":0.36509764194488528,"orthographic":true}