{"cameraMode":{"drawMode":0,"name":"Shaded","section":"Shading Mode"},"sceneLighting":true,"audioPlay":false,"sceneViewState":{"m_AlwaysRefresh":false,"showFog":true,"showSkybox":true,"showFlares":true,"showImageEffects":true,"showParticleSystems":true,"showVisualEffectGraphs":true,"m_FxEnabled":true},"in2DMode":false,"pivot":{"x":-0.058471135795116428,"y":0.02715650200843811,"z":-0.04092024639248848},"rotation":{"x":-0.14163364470005036,"y":0.2857414484024048,"z":0.04280226677656174,"w":0.946845293045044},"size":0.43710651993751528,"orthographic":true}