{"cameraMode":{"drawMode":0,"name":"Shaded","section":"Shading Mode"},"sceneLighting":true,"audioPlay":false,"sceneViewState":{"showFog":true,"showMaterialUpdate":false,"showSkybox":true,"showFlares":true,"showImageEffects":true,"showParticleSystems":true},"in2DMode":false,"pivot":{"x":6.450625419616699,"y":0.055545806884765628,"z":-4.108063220977783},"rotation":{"x":-0.04550754278898239,"y":0.949829638004303,"z":-0.2616564631462097,"w":-0.1651959866285324},"size":1.4527966976165772,"orthographic":false}